"county_state","cum.case.num"
"Abbeville County_SC",640
"Acadia Parish_LA",2993
"Accomack County_VA",1188
"Ada County_ID",13672
"Adair County_IA",77
"Adair County_KY",336
"Adair County_MO",373
"Adair County_OK",656
"Adams County_CO",9900
"Adams County_IA",42
"Adams County_ID",29
"Adams County_IL",1267
"Adams County_IN",576
"Adams County_MS",971
"Adams County_ND",27
"Adams County_NE",607
"Adams County_OH",158
"Adams County_PA",885
"Adams County_WA",877
"Adams County_WI",293
"Addison County_VT",111
"Aiken County_SC",4399
"Aitkin County_MN",101
"Alachua County_FL",8570
"Alamance County_NC",4155
"Alameda County_CA",21746
"Alamosa County_CO",252
"Albany County_NY",3201
"Albany County_WY",720
"Albemarle County_VA",1383
"Alcona County_MI",49
"Alcorn County_MS",860
"Aleutians East Borough_AK",5
"Aleutians West Census Area_AK",8
"Alexander County_IL",91
"Alexander County_NC",557
"Alexandria City_VA",3927
"Alfalfa County_OK",79
"Alger County_MI",27
"Allamakee County_IA",275
"Allegan County_MI",834
"Allegany County_MD",495
"Allegany County_NY",125
"Alleghany County_NC",246
"Alleghany County_VA",81
"Allegheny County_PA",12777
"Allen County_IN",6692
"Allen County_KS",76
"Allen County_KY",400
"Allen County_OH",1567
"Allen Parish_LA",1696
"Allendale County_SC",403
"Alpena County_MI",146
"Alpine County_CA",2
"Amador County_CA",259
"Amelia County_VA",125
"Amherst County_VA",428
"Amite County_MS",355
"Anderson County_KS",84
"Anderson County_KY",179
"Anderson County_SC",4757
"Anderson County_TN",1299
"Anderson County_TX",2859
"Andrew County_MO",298
"Andrews County_TX",457
"Androscoggin County_ME",771
"Angelina County_TX",2189
"Anne Arundel County_MD",10429
"Anoka County_MN",6729
"Anson County_NC",647
"Antelope County_NE",102
"Antrim County_MI",71
"Apache County_AZ",3581
"Appanoose County_IA",155
"Appling County_GA",1067
"Appomattox County_VA",224
"Aransas County_TX",335
"Arapahoe County_CO",9750
"Archer County_TX",88
"Archuleta County_CO",54
"Arenac County_MI",76
"Arkansas County_AR",460
"Arlington County_VA",4057
"Armstrong County_PA",471
"Armstrong County_TX",13
"Aroostook County_ME",49
"Arthur County_NE",1
"Ascension Parish_LA",3816
"Ashe County_NC",294
"Ashland County_OH",302
"Ashland County_WI",169
"Ashley County_AR",452
"Ashtabula County_OH",674
"Asotin County_WA",134
"Assumption Parish_LA",767
"Atascosa County_TX",1245
"Atchison County_KS",366
"Atchison County_MO",61
"Athens County_OH",843
"Atkinson County_GA",448
"Atlantic County_NJ",4257
"Atoka County_OK",328
"Attala County_MS",691
"Audrain County_MO",467
"Audubon County_IA",104
"Auglaize County_OH",678
"Augusta County_VA",534
"Aurora County_SD",73
"Austin County_TX",502
"Autauga County_AL",1831
"Avery County_NC",420
"Avoyelles Parish_LA",1572
"Baca County_CO",18
"Bacon County_GA",605
"Bailey County_TX",228
"Baker County_FL",1532
"Baker County_GA",84
"Baker County_OR",101
"Baldwin County_AL",6085
"Baldwin County_GA",2149
"Ballard County_KY",59
"Baltimore City_MD",16023
"Baltimore County_MD",18409
"Bamberg County_SC",650
"Bandera County_TX",177
"Banks County_GA",503
"Banner County_NE",2
"Bannock County_ID",1272
"Baraga County_MI",45
"Barber County_KS",13
"Barbour County_AL",921
"Barbour County_WV",101
"Barnes County_ND",255
"Barnstable County_MA",2051
"Barnwell County_SC",757
"Barren County_KY",823
"Barron County_WI",546
"Barrow County_GA",2286
"Barry County_MI",354
"Barry County_MO",535
"Bartholomew County_IN",1243
"Barton County_KS",536
"Barton County_MO",259
"Bartow County_GA",3014
"Bastrop County_TX",1865
"Bates County_MO",156
"Bath County_KY",92
"Bath County_VA",15
"Baxter County_AR",403
"Bay County_FL",6199
"Bay County_MI",1062
"Bayfield County_WI",140
"Baylor County_TX",20
"Beadle County_SD",850
"Bear Lake County_ID",48
"Beaufort County_NC",1020
"Beaufort County_SC",5771
"Beauregard Parish_LA",1026
"Beaver County_OK",64
"Beaver County_PA",1973
"Beaver County_UT",43
"Beaverhead County_MT",133
"Becker County_MN",324
"Beckham County_OK",639
"Bedford County_PA",262
"Bedford County_TN",1412
"Bedford County_VA",846
"Bee County_TX",1823
"Belknap County_NH",156
"Bell County_KY",531
"Bell County_TX",5623
"Belmont County_OH",725
"Beltrami County_MN",552
"Ben Hill County_GA",807
"Benewah County_ID",155
"Bennett County_SD",77
"Bennington County_VT",123
"Benson County_ND",373
"Bent County_CO",11
"Benton County_AR",6910
"Benton County_IA",365
"Benton County_IN",90
"Benton County_MN",618
"Benton County_MO",395
"Benton County_MS",248
"Benton County_OR",351
"Benton County_TN",345
"Benton County_WA",4706
"Benzie County_MI",85
"Bergen County_NJ",22774
"Berkeley County_SC",5561
"Berkeley County_WV",1103
"Berks County_PA",7378
"Berkshire County_MA",768
"Bernalillo County_NM",6928
"Berrien County_GA",462
"Berrien County_MI",1981
"Bertie County_NC",627
"Bethel Census Area_AK",122
"Bexar County_TX",58746
"Bibb County_AL",687
"Bibb County_GA",6150
"Bienville Parish_LA",499
"Big Horn County_MT",967
"Big Horn County_WY",79
"Big Stone County_MN",92
"Billings County_ND",18
"Bingham County_ID",1064
"Black Hawk County_IA",4649
"Blackford County_IN",149
"Bladen County_NC",944
"Blaine County_ID",700
"Blaine County_MT",74
"Blaine County_NE",1
"Blaine County_OK",146
"Blair County_PA",795
"Blanco County_TX",145
"Bland County_VA",64
"Bleckley County_GA",449
"Bledsoe County_TN",875
"Blount County_AL",1662
"Blount County_TN",2696
"Blue Earth County_MN",1811
"Boise County_ID",73
"Bolivar County_MS",1902
"Bollinger County_MO",362
"Bon Homme County_SD",114
"Bond County_IL",363
"Bonner County_ID",369
"Bonneville County_ID",3041
"Boone County_AR",815
"Boone County_IA",560
"Boone County_IL",1224
"Boone County_IN",1064
"Boone County_KY",1682
"Boone County_MO",4786
"Boone County_NE",98
"Boone County_WV",254
"Borden County_TX",1
"Bosque County_TX",351
"Bossier Parish_LA",3427
"Botetourt County_VA",315
"Bottineau County_ND",109
"Boulder County_CO",4607
"Boundary County_ID",59
"Bourbon County_KS",230
"Bourbon County_KY",214
"Bowie County_TX",1457
"Bowman County_ND",49
"Box Butte County_NE",115
"Box Elder County_UT",611
"Boyd County_KY",509
"Boyd County_NE",33
"Boyle County_KY",306
"Bracken County_KY",42
"Bradford County_FL",1151
"Bradford County_PA",240
"Bradley County_AR",345
"Bradley County_TN",3093
"Branch County_MI",664
"Brantley County_GA",352
"Braxton County_WV",13
"Brazoria County_TX",11575
"Brazos County_TX",6659
"Breathitt County_KY",97
"Breckinridge County_KY",147
"Bremer County_IA",527
"Brevard County_FL",9399
"Brewster County_TX",220
"Briscoe County_TX",15
"Bristol Bay Borough_AK",0
"Bristol city_VA",196
"Bristol County_MA",10933
"Bristol County_RI",414
"Broadwater County_MT",18
"Bronx County_NY",53417
"Brooke County_WV",119
"Brookings County_SD",846
"Brooks County_GA",527
"Brooks County_TX",329
"Broome County_NY",1974
"Broomfield County and City_CO",695
"Broward County_FL",78012
"Brown County_IL",71
"Brown County_IN",105
"Brown County_KS",152
"Brown County_MN",224
"Brown County_NE",50
"Brown County_OH",300
"Brown County_SD",1363
"Brown County_TX",592
"Brown County_WI",10682
"Brule County_SD",147
"Brunswick County_NC",1741
"Brunswick County_VA",369
"Bryan County_GA",1179
"Bryan County_OK",1059
"Buchanan County_IA",316
"Buchanan County_MO",2240
"Buchanan County_VA",177
"Buckingham County_VA",698
"Bucks County_PA",9066
"Buena Vista city_VA",90
"Buena Vista County_IA",2057
"Buffalo County_NE",1220
"Buffalo County_SD",153
"Buffalo County_WI",164
"Bullitt County_KY",962
"Bulloch County_GA",2929
"Bullock County_AL",613
"Buncombe County_NC",3355
"Bureau County_IL",737
"Burke County_GA",843
"Burke County_NC",2242
"Burke County_ND",38
"Burleigh County_ND",4086
"Burleson County_TX",354
"Burlington County_NJ",7327
"Burnet County_TX",771
"Burnett County_WI",233
"Burt County_NE",87
"Butler County_AL",927
"Butler County_IA",293
"Butler County_KS",1046
"Butler County_KY",346
"Butler County_MO",738
"Butler County_NE",147
"Butler County_OH",6617
"Butler County_PA",1136
"Butte County_CA",2874
"Butte County_ID",43
"Butte County_SD",132
"Butts County_GA",687
"Cabarrus County_NC",4216
"Cabell County_WV",905
"Cache County_UT",3025
"Caddo County_OK",879
"Caddo Parish_LA",8884
"Calaveras County_CA",324
"Calcasieu Parish_LA",7947
"Caldwell County_KY",171
"Caldwell County_MO",119
"Caldwell County_NC",1818
"Caldwell County_TX",1629
"Caldwell Parish_LA",308
"Caledonia County_VT",34
"Calhoun County_AL",3705
"Calhoun County_AR",37
"Calhoun County_FL",630
"Calhoun County_GA",250
"Calhoun County_IA",209
"Calhoun County_IL",66
"Calhoun County_MI",1622
"Calhoun County_MS",545
"Calhoun County_SC",471
"Calhoun County_TX",851
"Calhoun County_WV",27
"Callahan County_TX",98
"Callaway County_MO",745
"Calloway County_KY",660
"Calumet County_WI",1621
"Calvert County_MD",1009
"Camas County_ID",37
"Cambria County_PA",655
"Camden County_GA",1330
"Camden County_MO",1131
"Camden County_NC",121
"Camden County_NJ",10149
"Cameron County_PA",8
"Cameron County_TX",22946
"Cameron Parish_LA",230
"Camp County_TX",363
"Campbell County_KY",928
"Campbell County_SD",41
"Campbell County_TN",522
"Campbell County_VA",485
"Campbell County_WY",390
"Canadian County_OK",2558
"Candler County_GA",475
"Cannon County_TN",324
"Canyon County_ID",8443
"Cape Girardeau County_MO",1993
"Cape May County_NJ",1046
"Carbon County_MT",133
"Carbon County_PA",478
"Carbon County_UT",142
"Carbon County_WY",243
"Caribou County_ID",136
"Carlisle County_KY",85
"Carlton County_MN",316
"Caroline County_MD",664
"Caroline County_VA",370
"Carroll County_AR",759
"Carroll County_GA",2882
"Carroll County_IA",767
"Carroll County_IL",245
"Carroll County_IN",289
"Carroll County_KY",203
"Carroll County_MD",2008
"Carroll County_MO",137
"Carroll County_MS",332
"Carroll County_NH",126
"Carroll County_OH",160
"Carroll County_TN",992
"Carroll County_VA",514
"Carson City_NV",494
"Carson County_TX",31
"Carter County_KY",220
"Carter County_MO",110
"Carter County_MT",9
"Carter County_OK",606
"Carter County_TN",1233
"Carteret County_NC",794
"Carver County_MN",1500
"Cascade County_MT",912
"Casey County_KY",283
"Cass County_IA",194
"Cass County_IL",414
"Cass County_IN",2022
"Cass County_MI",647
"Cass County_MN",219
"Cass County_MO",1591
"Cass County_ND",5728
"Cass County_NE",374
"Cass County_TX",389
"Cassia County_ID",815
"Castro County_TX",263
"Caswell County_NC",466
"Catahoula Parish_LA",443
"Catawba County_NC",3399
"Catoosa County_GA",1238
"Catron County_NM",9
"Cattaraugus County_NY",307
"Cavalier County_ND",56
"Cayuga County_NY",231
"Cecil County_MD",1125
"Cedar County_IA",282
"Cedar County_MO",151
"Cedar County_NE",100
"Centre County_PA",3044
"Cerro Gordo County_IA",1114
"Chaffee County_CO",337
"Chambers County_AL",1208
"Chambers County_TX",1377
"Champaign County_IL",5057
"Champaign County_OH",328
"Chariton County_MO",52
"Charles City County_VA",86
"Charles County_MD",2860
"Charles Mix County_SD",217
"Charleston County_SC",16046
"Charlevoix County_MI",114
"Charlotte County_FL",3152
"Charlotte County_VA",142
"Charlottesville City_VA",1380
"Charlton County_GA",641
"Chase County_KS",85
"Chase County_NE",34
"Chatham County_GA",8672
"Chatham County_NC",1735
"Chattahoochee County_GA",1683
"Chattooga County_GA",813
"Chautauqua County_KS",22
"Chautauqua County_NY",632
"Chaves County_NM",1356
"Cheatham County_TN",853
"Cheboygan County_MI",97
"Chelan County_WA",1887
"Chemung County_NY",747
"Chenango County_NY",262
"Cherokee County_AL",642
"Cherokee County_GA",6275
"Cherokee County_IA",300
"Cherokee County_KS",540
"Cherokee County_NC",677
"Cherokee County_OK",1177
"Cherokee County_SC",1253
"Cherokee County_TX",1571
"Cherry County_NE",53
"Chesapeake City_VA",4433
"Cheshire County_NH",154
"Chester County_PA",7096
"Chester County_SC",1073
"Chester County_TN",667
"Chesterfield County_SC",1272
"Chesterfield County_VA",6180
"Cheyenne County_CO",14
"Cheyenne County_KS",76
"Cheyenne County_NE",46
"Chickasaw County_IA",292
"Chickasaw County_MS",719
"Chicot County_AR",1013
"Childress County_TX",75
"Chilton County_AL",1661
"Chippewa County_MI",84
"Chippewa County_MN",260
"Chippewa County_WI",677
"Chisago County_MN",594
"Chittenden County_VT",856
"Choctaw County_AL",366
"Choctaw County_MS",189
"Choctaw County_OK",352
"Chouteau County_MT",36
"Chowan County_NC",396
"Christian County_IL",630
"Christian County_KY",1438
"Christian County_MO",1662
"Churchill County_NV",154
"Cibola County_NM",446
"Cimarron County_OK",27
"Citrus County_FL",2846
"City and Borough of Juneau_AK",302
"City of St. Louis_MO",7187
"Clackamas County_OR",2567
"Claiborne County_MS",477
"Claiborne County_TN",456
"Claiborne Parish_LA",537
"Clallam County_WA",239
"Clare County_MI",123
"Clarendon County_SC",1114
"Clarion County_PA",139
"Clark County_AR",384
"Clark County_ID",37
"Clark County_IL",193
"Clark County_IN",2418
"Clark County_KS",55
"Clark County_KY",361
"Clark County_MO",74
"Clark County_NV",69151
"Clark County_OH",1959
"Clark County_SD",49
"Clark County_WA",3470
"Clark County_WI",518
"Clarke County_AL",1158
"Clarke County_GA",5202
"Clarke County_IA",270
"Clarke County_MS",626
"Clarke County_VA",98
"Clatsop County_OR",225
"Clay County_AL",613
"Clay County_AR",342
"Clay County_FL",5304
"Clay County_GA",121
"Clay County_IA",377
"Clay County_IL",196
"Clay County_IN",334
"Clay County_KS",55
"Clay County_KY",347
"Clay County_MN",1578
"Clay County_MO",1850
"Clay County_MS",613
"Clay County_NC",133
"Clay County_NE",86
"Clay County_SD",586
"Clay County_TN",267
"Clay County_TX",81
"Clay County_WV",37
"Clayton County_GA",7200
"Clayton County_IA",289
"Clear Creek County_CO",47
"Clearfield County_PA",345
"Clearwater County_ID",73
"Clearwater County_MN",37
"Cleburne County_AL",428
"Cleburne County_AR",362
"Clermont County_OH",1835
"Cleveland County_AR",192
"Cleveland County_NC",2446
"Cleveland County_OK",6535
"Clinch County_GA",390
"Clinton County_IA",1206
"Clinton County_IL",1309
"Clinton County_IN",696
"Clinton County_KY",144
"Clinton County_MI",746
"Clinton County_MO",269
"Clinton County_NY",170
"Clinton County_OH",330
"Clinton County_PA",217
"Cloud County_KS",74
"Coahoma County_MS",1189
"Coal County_OK",74
"Cobb County_GA",20054
"Cochise County_AZ",1919
"Cochran County_TX",59
"Cocke County_TN",793
"Coconino County_AZ",4291
"Codington County_SD",1001
"Coffee County_AL",1472
"Coffee County_GA",2100
"Coffee County_TN",1411
"Coffey County_KS",132
"Coke County_TX",53
"Colbert County_AL",1744
"Cole County_MO",1797
"Coleman County_TX",80
"Coles County_IL",1564
"Colfax County_NE",800
"Colfax County_NM",39
"Colleton County_SC",1081
"Collier County_FL",12920
"Collin County_TX",15610
"Collingsworth County_TX",19
"Colonial Heights city_VA",268
"Colorado County_TX",490
"Colquitt County_GA",1922
"Columbia County_AR",565
"Columbia County_FL",3901
"Columbia County_GA",3875
"Columbia County_NY",608
"Columbia County_OR",207
"Columbia County_PA",963
"Columbia County_WA",14
"Columbia County_WI",900
"Columbiana County_OH",1991
"Columbus County_NC",1429
"Colusa County_CA",539
"Comal County_TX",2757
"Comanche County_KS",14
"Comanche County_OK",1773
"Comanche County_TX",310
"Concho County_TX",136
"Concordia Parish_LA",521
"Conecuh County_AL",540
"Conejos County_CO",36
"Contra Costa County_CA",17322
"Converse County_WY",159
"Conway County_AR",297
"Cook County_GA",555
"Cook County_IL",149127
"Cook County_MN",7
"Cooke County_TX",461
"Cooper County_MO",475
"Coos County_NH",22
"Coos County_OR",179
"Coosa County_AL",179
"Copiah County_MS",1247
"Corson County_SD",94
"Cortland County_NY",223
"Coryell County_TX",1839
"Coshocton County_OH",241
"Costilla County_CO",33
"Cottle County_TX",30
"Cotton County_OK",71
"Cottonwood County_MN",240
"Covington city_VA",33
"Covington County_AL",1480
"Covington County_MS",847
"Coweta County_GA",2675
"Cowley County_KS",420
"Cowlitz County_WA",704
"Craig County_OK",525
"Craig County_VA",31
"Craighead County_AR",3287
"Crane County_TX",72
"Craven County_NC",1819
"Crawford County_AR",1575
"Crawford County_GA",171
"Crawford County_IA",1152
"Crawford County_IL",491
"Crawford County_IN",123
"Crawford County_KS",1163
"Crawford County_MI",127
"Crawford County_MO",426
"Crawford County_OH",274
"Crawford County_PA",330
"Crawford County_WI",209
"Creek County_OK",1258
"Crenshaw County_AL",547
"Crisp County_GA",588
"Crittenden County_AR",2007
"Crittenden County_KY",124
"Crockett County_TN",593
"Crockett County_TX",164
"Crook County_OR",63
"Crook County_WY",49
"Crosby County_TX",89
"Cross County_AR",487
"Crow Wing County_MN",647
"Crowley County_CO",74
"Culberson County_TX",55
"Cullman County_AL",1971
"Culpeper County_VA",1226
"Cumberland County_IL",222
"Cumberland County_KY",109
"Cumberland County_ME",2357
"Cumberland County_NC",5839
"Cumberland County_NJ",3815
"Cumberland County_PA",1978
"Cumberland County_TN",1298
"Cumberland County_VA",107
"Cuming County_NE",189
"Currituck County_NC",194
"Curry County_NM",919
"Curry County_OR",32
"Custer County_CO",18
"Custer County_ID",72
"Custer County_MT",122
"Custer County_NE",104
"Custer County_OK",792
"Custer County_SD",196
"Cuyahoga County_OH",17995
"Dade County_GA",290
"Dade County_MO",83
"Daggett County_UT",1
"Dakota County_MN",8034
"Dakota County_NE",2315
"Dale County_AL",1513
"Dallam County_TX",261
"Dallas County_AL",1808
"Dallas County_AR",171
"Dallas County_IA",2935
"Dallas County_MO",222
"Dallas County_TX",83795
"Dane County_WI",10987
"Daniels County_MT",6
"Danville City_VA",958
"Dare County_NC",289
"Darke County_OH",908
"Darlington County_SC",2122
"Dauphin County_PA",3966
"Davidson County_NC",2998
"Davidson County_TN",27360
"Davie County_NC",608
"Daviess County_IN",719
"Daviess County_KY",1554
"Daviess County_MO",152
"Davis County_IA",134
"Davis County_UT",5725
"Davison County_SD",423
"Dawes County_NE",141
"Dawson County_GA",848
"Dawson County_MT",89
"Dawson County_NE",1109
"Dawson County_TX",503
"Day County_SD",101
"De Baca County_NM",1
"De Soto Parish_LA",922
"De Witt County_IL",142
"Deaf Smith County_TX",906
"Dearborn County_IN",723
"Decatur County_GA",1211
"Decatur County_IA",75
"Decatur County_IN",493
"Decatur County_KS",30
"Decatur County_TN",566
"Deer Lodge County_MT",194
"Defiance County_OH",382
"DeKalb County_AL",2623
"DeKalb County_GA",19166
"DeKalb County_IL",1745
"DeKalb County_IN",533
"DeKalb County_MO",164
"DeKalb County_TN",598
"Del Norte County_CA",152
"Delaware County_IA",505
"Delaware County_IN",2179
"Delaware County_NY",141
"Delaware County_OH",2458
"Delaware County_OK",873
"Delaware County_PA",11746
"Delta County_CO",191
"Delta County_MI",709
"Delta County_TX",29
"Denali Borough_AK",10
"Dent County_MO",152
"Denton County_TX",12425
"Denver County_CO",13894
"Des Moines County_IA",896
"Deschutes County_OR",917
"Desha County_AR",320
"DeSoto County_FL",1582
"DeSoto County_MS",5825
"Deuel County_NE",4
"Deuel County_SD",97
"Dewey County_OK",72
"Dewey County_SD",179
"DeWitt County_TX",996
"Dickens County_TX",50
"Dickenson County_VA",103
"Dickey County_ND",143
"Dickinson County_IA",577
"Dickinson County_KS",231
"Dickinson County_MI",215
"Dickson County_TN",1360
"Dillingham Census Area_AK",9
"Dillon County_SC",1122
"Dimmit County_TX",259
"Dinwiddie County_VA",421
"Divide County_ND",9
"Dixie County_FL",837
"Dixon County_NE",119
"Doddridge County_WV",32
"Dodge County_GA",440
"Dodge County_MN",283
"Dodge County_NE",1296
"Dodge County_WI",2250
"Dolores County_CO",3
"Dona Ana County_NM",3678
"Doniphan County_KS",120
"Donley County_TX",66
"Dooly County_GA",346
"Door County_WI",463
"Dorchester County_MD",615
"Dorchester County_SC",4285
"Dougherty County_GA",3183
"Douglas County_CO",2803
"Douglas County_GA",3682
"Douglas County_IL",347
"Douglas County_KS",2411
"Douglas County_MN",430
"Douglas County_MO",231
"Douglas County_NE",17174
"Douglas County_NV",323
"Douglas County_OR",259
"Douglas County_SD",103
"Douglas County_WA",1196
"Douglas County_WI",555
"Drew County_AR",363
"Dubois County_IN",1078
"Dubuque County_IA",3731
"Duchesne County_UT",109
"Dukes County_MA",83
"Dundy County_NE",14
"Dunklin County_MO",875
"Dunn County_ND",131
"Dunn County_WI",715
"DuPage County_IL",18305
"Duplin County_NC",2492
"Durham County_NC",7985
"Dutchess County_NY",5187
"Duval County_FL",31056
"Duval County_TX",459
"Dyer County_TN",1549
"Eagle County_CO",1275
"Early County_GA",513
"East Baton Rouge Parish_LA",15317
"East Carroll Parish_LA",548
"East Feliciana Parish_LA",1750
"Eastland County_TX",191
"Eaton County_MI",740
"Eau Claire County_WI",2174
"Echols County_GA",242
"Ector County_TX",3192
"Eddy County_ND",105
"Eddy County_NM",911
"Edgar County_IL",119
"Edgecombe County_NC",1487
"Edgefield County_SC",828
"Edmonson County_KY",141
"Edmunds County_SD",104
"Edwards County_IL",72
"Edwards County_KS",54
"Edwards County_TX",68
"Effingham County_GA",1510
"Effingham County_IL",924
"El Dorado County_CA",1207
"El Paso County_CO",7236
"El Paso County_TX",25793
"Elbert County_CO",168
"Elbert County_GA",709
"Elk County_KS",9
"Elk County_PA",78
"Elkhart County_IN",7134
"Elko County_NV",1007
"Elliott County_KY",44
"Ellis County_KS",1118
"Ellis County_OK",14
"Ellis County_TX",4482
"Ellsworth County_KS",71
"Elmore County_AL",2835
"Elmore County_ID",385
"Emanuel County_GA",1105
"Emery County_UT",52
"Emmet County_IA",299
"Emmet County_MI",172
"Emmons County_ND",223
"Emporia city_VA",261
"Erath County_TX",892
"Erie County_NY",11798
"Erie County_OH",997
"Erie County_PA",1656
"Escambia County_AL",1652
"Escambia County_FL",12494
"Esmeralda County_NV",0
"Essex County_MA",21324
"Essex County_NJ",21365
"Essex County_NY",171
"Essex County_VA",183
"Essex County_VT",6
"Estill County_KY",201
"Etowah County_AL",3691
"Eureka County_NV",10
"Evangeline Parish_LA",1344
"Evans County_GA",433
"Fairbanks North Star Borough_AK",1333
"Fairfax city_VA",139
"Fairfax County_VA",21357
"Fairfield County_CT",20587
"Fairfield County_OH",2260
"Fairfield County_SC",790
"Fall River County_SD",105
"Fallon County_MT",16
"Falls Church city_VA",72
"Falls County_TX",436
"Fannin County_GA",713
"Fannin County_TX",701
"Faribault County_MN",165
"Faulk County_SD",78
"Faulkner County_AR",2728
"Fauquier County_VA",973
"Fayette County_AL",485
"Fayette County_GA",1925
"Fayette County_IA",251
"Fayette County_IL",471
"Fayette County_IN",545
"Fayette County_KY",7227
"Fayette County_OH",293
"Fayette County_PA",831
"Fayette County_TN",1301
"Fayette County_TX",495
"Fayette County_WV",657
"Fentress County_TN",666
"Fergus County_MT",76
"Ferry County_WA",30
"Fillmore County_MN",168
"Fillmore County_NE",58
"Finney County_KS",2285
"Fisher County_TX",68
"Flagler County_FL",1793
"Flathead County_MT",1387
"Fleming County_KY",89
"Florence County_SC",5043
"Florence County_WI",113
"Floyd County_GA",3319
"Floyd County_IA",375
"Floyd County_IN",1496
"Floyd County_KY",211
"Floyd County_TX",112
"Floyd County_VA",214
"Fluvanna County_VA",384
"Foard County_TX",18
"Fond du Lac County_WI",2561
"Ford County_IL",111
"Ford County_KS",2986
"Forest County_PA",15
"Forest County_WI",345
"Forrest County_MS",2656
"Forsyth County_GA",4226
"Forsyth County_NC",7363
"Fort Bend County_TX",16603
"Foster County_ND",74
"Fountain County_IN",140
"Franklin city_VA",435
"Franklin County_AL",1850
"Franklin County_AR",327
"Franklin County_FL",647
"Franklin County_GA",778
"Franklin County_IA",353
"Franklin County_ID",157
"Franklin County_IL",580
"Franklin County_IN",329
"Franklin County_KS",431
"Franklin County_KY",719
"Franklin County_MA",460
"Franklin County_ME",63
"Franklin County_MO",1929
"Franklin County_MS",204
"Franklin County_NC",1270
"Franklin County_NE",45
"Franklin County_NY",70
"Franklin County_OH",28131
"Franklin County_PA",1835
"Franklin County_TN",1052
"Franklin County_TX",147
"Franklin County_VA",429
"Franklin County_VT",130
"Franklin County_WA",4401
"Franklin Parish_LA",1228
"Frederick County_MD",4219
"Frederick County_VA",951
"Fredericksburg City_VA",553
"Freeborn County_MN",564
"Freestone County_TX",417
"Fremont County_CO",185
"Fremont County_IA",144
"Fremont County_ID",272
"Fremont County_WY",803
"Fresno County_CA",29065
"Frio County_TX",993
"Frontier County_NE",12
"Fulton County_AR",201
"Fulton County_GA",28198
"Fulton County_IL",214
"Fulton County_IN",265
"Fulton County_KY",173
"Fulton County_NY",348
"Fulton County_OH",359
"Fulton County_PA",52
"Furnas County_NE",49
"Gadsden County_FL",2907
"Gage County_NE",297
"Gaines County_TX",379
"Galax city_VA",421
"Gallatin County_IL",78
"Gallatin County_KY",101
"Gallatin County_MT",1584
"Gallia County_OH",220
"Galveston County_TX",11788
"Garden County_NE",13
"Garfield County_CO",972
"Garfield County_MT",18
"Garfield County_NE",11
"Garfield County_OK",1842
"Garfield County_UT",54
"Garfield County_WA",14
"Garland County_AR",2037
"Garrard County_KY",186
"Garrett County_MD",76
"Garvin County_OK",416
"Garza County_TX",105
"Gasconade County_MO",167
"Gaston County_NC",5588
"Gates County_NC",146
"Geary County_KS",453
"Geauga County_OH",750
"Gem County_ID",347
"Genesee County_MI",4968
"Genesee County_NY",346
"Geneva County_AL",739
"Gentry County_MO",138
"George County_MS",822
"Georgetown County_SC",1923
"Gibson County_IN",625
"Gibson County_TN",1851
"Gila County_AZ",1451
"Gilchrist County_FL",520
"Giles County_TN",725
"Giles County_VA",94
"Gillespie County_TX",336
"Gilliam County_OR",8
"Gilmer County_GA",874
"Gilmer County_WV",49
"Gilpin County_CO",19
"Glacier County_MT",443
"Glades County_FL",549
"Gladwin County_MI",112
"Glascock County_GA",40
"Glasscock County_TX",9
"Glenn County_CA",1160
"Gloucester County_NJ",4796
"Gloucester County_VA",263
"Glynn County_GA",3521
"Gogebic County_MI",179
"Golden Valley County_MT",5
"Golden Valley County_ND",69
"Goliad County_TX",156
"Gonzales County_TX",1071
"Goochland County_VA",285
"Goodhue County_MN",419
"Gooding County_ID",330
"Gordon County_GA",1918
"Goshen County_WY",117
"Gosper County_NE",46
"Gove County_KS",45
"Grady County_GA",808
"Grady County_OK",1217
"Grafton County_NH",155
"Graham County_AZ",895
"Graham County_KS",40
"Graham County_NC",188
"Grainger County_TN",434
"Grand County_CO",96
"Grand County_UT",66
"Grand Forks County_ND",2432
"Grand Isle County_VT",16
"Grand Princess Cruise Ship_CA",21
"Grand Traverse County_MI",532
"Granite County_MT",30
"Grant County_AR",278
"Grant County_IN",1376
"Grant County_KS",300
"Grant County_KY",188
"Grant County_MN",70
"Grant County_ND",40
"Grant County_NE",2
"Grant County_NM",131
"Grant County_OK",55
"Grant County_OR",10
"Grant County_SD",185
"Grant County_WA",3050
"Grant County_WI",1269
"Grant County_WV",163
"Grant Parish_LA",502
"Granville County_NC",1791
"Gratiot County_MI",308
"Graves County_KY",777
"Gray County_KS",133
"Gray County_TX",332
"Grays Harbor County_WA",548
"Grayson County_KY",413
"Grayson County_TX",1964
"Grayson County_VA",325
"Greeley County_KS",16
"Greeley County_NE",35
"Green County_KY",281
"Green County_WI",637
"Green Lake County_WI",427
"Greenbrier County_WV",135
"Greene County_AL",310
"Greene County_AR",960
"Greene County_GA",517
"Greene County_IA",126
"Greene County_IL",239
"Greene County_IN",446
"Greene County_MO",6978
"Greene County_MS",405
"Greene County_NC",702
"Greene County_NY",348
"Greene County_OH",1688
"Greene County_PA",194
"Greene County_TN",1230
"Greene County_VA",239
"Greenlee County_AZ",60
"Greensville County_VA",805
"Greenup County_KY",464
"Greenville County_SC",15027
"Greenwood County_KS",51
"Greenwood County_SC",2319
"Greer County_OK",113
"Gregg County_TX",2299
"Gregory County_SD",149
"Grenada County_MS",1127
"Griggs County_ND",61
"Grimes County_TX",1093
"Grundy County_IA",240
"Grundy County_IL",728
"Grundy County_MO",213
"Grundy County_TN",389
"Guadalupe County_NM",34
"Guadalupe County_TX",3743
"Guernsey County_OH",185
"Guilford County_NC",9153
"Gulf County_FL",888
"Gunnison County_CO",296
"Guthrie County_IA",292
"Gwinnett County_GA",28129
"Haakon County_SD",33
"Habersham County_GA",1733
"Haines Borough_AK",5
"Hale County_AL",669
"Hale County_TX",1940
"Halifax County_NC",1095
"Halifax County_VA",382
"Hall County_GA",9639
"Hall County_NE",2084
"Hall County_TX",35
"Hamblen County_TN",2061
"Hamilton County_FL",865
"Hamilton County_IA",343
"Hamilton County_IL",79
"Hamilton County_IN",5257
"Hamilton County_KS",48
"Hamilton County_NE",157
"Hamilton County_NY",15
"Hamilton County_OH",13856
"Hamilton County_TN",9964
"Hamilton County_TX",154
"Hamlin County_SD",109
"Hampden County_MA",8821
"Hampshire County_MA",1463
"Hampshire County_WV",111
"Hampton city_VA",1889
"Hampton County_SC",696
"Hancock County_GA",399
"Hancock County_IA",216
"Hancock County_IL",237
"Hancock County_IN",990
"Hancock County_KY",94
"Hancock County_ME",55
"Hancock County_MS",624
"Hancock County_OH",805
"Hancock County_TN",111
"Hancock County_WV",154
"Hand County_SD",60
"Hanover County_VA",1372
"Hansford County_TX",145
"Hanson County_SD",49
"Haralson County_GA",518
"Hardee County_FL",1404
"Hardeman County_TN",1637
"Hardeman County_TX",25
"Hardin County_IA",328
"Hardin County_IL",41
"Hardin County_KY",1420
"Hardin County_OH",266
"Hardin County_TN",1124
"Hardin County_TX",1358
"Harding County_NM",1
"Harding County_SD",5
"Hardy County_WV",96
"Harford County_MD",3148
"Harlan County_KY",494
"Harlan County_NE",24
"Harmon County_OK",52
"Harnett County_NC",2401
"Harney County_OR",12
"Harper County_KS",120
"Harper County_OK",32
"Harris County_GA",805
"Harris County_TX",147808
"Harrison County_IA",326
"Harrison County_IN",639
"Harrison County_KY",190
"Harrison County_MO",133
"Harrison County_MS",4097
"Harrison County_OH",68
"Harrison County_TX",928
"Harrison County_WV",451
"Harrisonburg City_VA",2710
"Hart County_GA",528
"Hart County_KY",188
"Hartford County_CT",15235
"Hartley County_TX",141
"Harvey County_KS",386
"Haskell County_KS",136
"Haskell County_OK",306
"Haskell County_TX",71
"Hawaii County_HI",820
"Hawkins County_TN",893
"Hayes County_NE",1
"Hays County_TX",5951
"Haywood County_NC",635
"Haywood County_TN",1092
"Heard County_GA",201
"Hemphill County_TX",83
"Hempstead County_AR",408
"Henderson County_IL",78
"Henderson County_KY",932
"Henderson County_NC",2112
"Henderson County_TN",1244
"Henderson County_TX",1022
"Hendricks County_IN",2881
"Hendry County_FL",2089
"Hennepin County_MN",28843
"Henrico County_VA",5593
"Henry County_AL",570
"Henry County_GA",5429
"Henry County_IA",839
"Henry County_IL",709
"Henry County_IN",936
"Henry County_KY",205
"Henry County_MO",248
"Henry County_OH",364
"Henry County_TN",666
"Henry County_VA",1107
"Herkimer County_NY",348
"Hernando County_FL",3241
"Hertford County_NC",801
"Hettinger County_ND",72
"Hickman County_KY",82
"Hickman County_TN",666
"Hickory County_MO",128
"Hidalgo County_NM",102
"Hidalgo County_TX",32406
"Highland County_OH",249
"Highland County_VA",8
"Highlands County_FL",2244
"Hill County_MT",235
"Hill County_TX",710
"Hillsborough County_FL",43027
"Hillsborough County_NH",4642
"Hillsdale County_MI",370
"Hinds County_MS",7295
"Hinsdale County_CO",3
"Hitchcock County_NE",12
"Hocking County_OH",175
"Hockley County_TX",373
"Hodgeman County_KS",28
"Hoke County_NC",1305
"Holmes County_FL",769
"Holmes County_MS",1112
"Holmes County_OH",422
"Holt County_MO",86
"Holt County_NE",123
"Honolulu County_HI",11546
"Hood County_TX",1002
"Hood River County_OR",254
"Hooker County_NE",13
"Hoonah-Angoon Census Area_AK",25
"Hopewell city_VA",419
"Hopkins County_KY",684
"Hopkins County_TX",395
"Horry County_SC",10684
"Hot Spring County_AR",1957
"Hot Springs County_WY",38
"Houghton County_MI",672
"Houston County_AL",3368
"Houston County_GA",3199
"Houston County_MN",148
"Houston County_TN",302
"Houston County_TX",385
"Howard County_AR",503
"Howard County_IA",197
"Howard County_IN",1425
"Howard County_MD",5262
"Howard County_MO",188
"Howard County_NE",107
"Howard County_TX",918
"Howell County_MO",781
"Hubbard County_MN",169
"Hudson County_NJ",20914
"Hudspeth County_TX",62
"Huerfano County_CO",25
"Hughes County_OK",304
"Hughes County_SD",566
"Humboldt County_CA",522
"Humboldt County_IA",202
"Humboldt County_NV",131
"Humphreys County_MS",382
"Humphreys County_TN",307
"Hunt County_TX",1705
"Hunterdon County_NJ",1398
"Huntingdon County_PA",446
"Huntington County_IN",293
"Huron County_MI",231
"Huron County_OH",618
"Hutchinson County_SD",129
"Hutchinson County_TX",233
"Hyde County_NC",145
"Hyde County_SD",20
"Iberia Parish_LA",2989
"Iberville Parish_LA",1419
"Ida County_IA",146
"Idaho County_ID",228
"Imperial County_CA",12076
"Independence County_AR",1217
"Indian River County_FL",3339
"Indiana County_PA",791
"Ingham County_MI",3753
"Inyo County_CA",197
"Ionia County_MI",405
"Iosco County_MI",238
"Iowa County_IA",251
"Iowa County_WI",259
"Iredell County_NC",3208
"Irion County_TX",12
"Iron County_MI",255
"Iron County_MO",61
"Iron County_UT",805
"Iron County_WI",157
"Iroquois County_IL",374
"Irwin County_GA",323
"Isabella County_MI",753
"Isanti County_MN",357
"Island County_WA",320
"Isle of Wight County_VA",774
"Issaquena County_MS",106
"Itasca County_MN",450
"Itawamba County_MS",920
"Izard County_AR",268
"Jack County_TX",140
"Jackson County (including other portions of Kansas City)_MO",20210
"Jackson County_AL",1694
"Jackson County_AR",449
"Jackson County_CO",9
"Jackson County_FL",2876
"Jackson County_GA",2074
"Jackson County_IA",405
"Jackson County_IL",1296
"Jackson County_IN",835
"Jackson County_KS",256
"Jackson County_KY",383
"Jackson County_MI",1193
"Jackson County_MN",160
"Jackson County_MS",3754
"Jackson County_NC",706
"Jackson County_OH",296
"Jackson County_OK",845
"Jackson County_OR",1267
"Jackson County_SD",38
"Jackson County_TN",362
"Jackson County_TX",633
"Jackson County_WI",182
"Jackson County_WV",291
"Jackson Parish_LA",692
"James City County_VA",867
"Jasper County_GA",227
"Jasper County_IA",909
"Jasper County_IL",217
"Jasper County_IN",420
"Jasper County_MO",4277
"Jasper County_MS",602
"Jasper County_SC",834
"Jasper County_TX",489
"Jay County_IN",229
"Jeff Davis County_GA",730
"Jeff Davis County_TX",14
"Jefferson County_AL",20731
"Jefferson County_AR",3562
"Jefferson County_CO",6095
"Jefferson County_FL",569
"Jefferson County_GA",816
"Jefferson County_IA",151
"Jefferson County_ID",666
"Jefferson County_IL",696
"Jefferson County_IN",269
"Jefferson County_KS",216
"Jefferson County_KY",16800
"Jefferson County_MO",4563
"Jefferson County_MS",246
"Jefferson County_MT",94
"Jefferson County_NE",36
"Jefferson County_NY",176
"Jefferson County_OH",357
"Jefferson County_OK",47
"Jefferson County_OR",565
"Jefferson County_PA",120
"Jefferson County_TN",1243
"Jefferson County_TX",7585
"Jefferson County_WA",75
"Jefferson County_WI",1746
"Jefferson County_WV",451
"Jefferson Davis County_MS",354
"Jefferson Davis Parish_LA",1274
"Jefferson Parish_LA",17795
"Jenkins County_GA",440
"Jennings County_IN",330
"Jerauld County_SD",101
"Jerome County_ID",811
"Jersey County_IL",405
"Jessamine County_KY",665
"Jewell County_KS",17
"Jim Hogg County_TX",113
"Jim Wells County_TX",1535
"Jo Daviess County_IL",303
"Johnson County_AR",885
"Johnson County_GA",421
"Johnson County_IA",5276
"Johnson County_IL",188
"Johnson County_IN",2526
"Johnson County_KS",12071
"Johnson County_KY",165
"Johnson County_MO",1017
"Johnson County_NE",72
"Johnson County_TN",783
"Johnson County_TX",3169
"Johnson County_WY",44
"Johnston County_NC",4726
"Johnston County_OK",213
"Jones County_GA",575
"Jones County_IA",316
"Jones County_MS",2597
"Jones County_NC",162
"Jones County_SD",19
"Jones County_TX",568
"Josephine County_OR",221
"Juab County_UT",160
"Judith Basin County_MT",9
"Juneau County_WI",463
"Juniata County_PA",199
"Kalamazoo County_MI",3262
"Kalawao County_HI",0
"Kalkaska County_MI",92
"Kanabec County_MN",150
"Kanawha County_WV",2910
"Kandiyohi County_MN",1164
"Kane County_IL",13602
"Kane County_UT",85
"Kankakee County_IL",2869
"Karnes County_TX",948
"Kauai County_HI",59
"Kaufman County_TX",3202
"Kay County_OK",686
"Kearney County_NE",158
"Kearny County_KS",104
"Keith County_NE",68
"Kemper County_MS",294
"Kenai Peninsula Borough_AK",468
"Kendall County_IL",2126
"Kendall County_TX",377
"Kenedy County_TX",7
"Kennebec County_ME",229
"Kenosha County_WI",4183
"Kent County_DE",3162
"Kent County_MD",309
"Kent County_MI",10677
"Kent County_RI",1945
"Kent County_TX",9
"Kenton County_KY",2140
"Keokuk County_IA",125
"Kern County_CA",32522
"Kerr County_TX",623
"Kershaw County_SC",2108
"Ketchikan Gateway Borough_AK",50
"Kewaunee County_WI",720
"Keweenaw County_MI",14
"Keya Paha County_NE",5
"Kidder County_ND",61
"Kimball County_NE",21
"Kimble County_TX",17
"King and Queen County_VA",78
"King County_TX",0
"King County_WA",23115
"King George County_VA",237
"King William County_VA",165
"Kingfisher County_OK",403
"Kingman County_KS",104
"Kings County_CA",7851
"Kings County_NY",70131
"Kingsbury County_SD",68
"Kinney County_TX",59
"Kiowa County_CO",1
"Kiowa County_KS",29
"Kiowa County_OK",92
"Kit Carson County_CO",81
"Kitsap County_WA",1287
"Kittitas County_WA",555
"Kittson County_MN",14
"Klamath County_OR",305
"Kleberg County_TX",1021
"Klickitat County_WA",199
"Knott County_KY",235
"Knox County_IL",765
"Knox County_IN",580
"Knox County_KY",538
"Knox County_ME",45
"Knox County_MO",55
"Knox County_NE",198
"Knox County_OH",300
"Knox County_TN",10088
"Knox County_TX",103
"Kodiak Island Borough_AK",31
"Koochiching County_MN",130
"Kootenai County_ID",2844
"Kosciusko County_IN",1384
"Kossuth County_IA",325
"Kusilvak Census Area_AK",15
"La Crosse County_WI",3479
"La Paz County_AZ",548
"La Plata County_CO",268
"La Salle County_TX",349
"La Salle Parish_LA",438
"Labette County_KS",254
"Lac Qui Parle County_MN",86
"Lackawanna County_PA",2731
"Laclede County_MO",794
"Lafayette County_AR",123
"Lafayette County_FL",1233
"Lafayette County_MO",604
"Lafayette County_MS",2269
"Lafayette County_WI",364
"Lafayette Parish_LA",9073
"Lafourche Parish_LA",3707
"LaGrange County_IN",669
"Lake and Peninsula Borough_AK",29
"Lake County_CA",593
"Lake County_CO",99
"Lake County_FL",7712
"Lake County_IL",17606
"Lake County_IN",11295
"Lake County_MI",38
"Lake County_MN",75
"Lake County_MT",294
"Lake County_OH",1701
"Lake County_OR",33
"Lake County_SD",219
"Lake County_TN",935
"Lake of the Woods County_MN",27
"Lamar County_AL",402
"Lamar County_GA",381
"Lamar County_MS",1876
"Lamar County_TX",1261
"Lamb County_TX",346
"Lamoille County_VT",59
"LaMoure County_ND",89
"Lampasas County_TX",264
"Lancaster County_NE",6862
"Lancaster County_PA",8218
"Lancaster County_SC",2250
"Lancaster County_VA",161
"Lander County_NV",83
"Lane County_KS",16
"Lane County_OR",1500
"Langlade County_WI",306
"Lanier County_GA",297
"Lapeer County_MI",654
"LaPorte County_IN",1691
"Laramie County_WY",784
"Larimer County_CO",2775
"Larue County_KY",144
"Las Animas County_CO",25
"LaSalle County_IL",1855
"Lassen County_CA",742
"Latah County_ID",620
"Latimer County_OK",148
"Lauderdale County_AL",1832
"Lauderdale County_MS",2123
"Lauderdale County_TN",1063
"Laurel County_KY",1022
"Laurens County_GA",1727
"Laurens County_SC",1732
"Lavaca County_TX",1040
"Lawrence County_AL",662
"Lawrence County_AR",495
"Lawrence County_IL",275
"Lawrence County_IN",570
"Lawrence County_KY",67
"Lawrence County_MO",738
"Lawrence County_MS",444
"Lawrence County_OH",744
"Lawrence County_PA",562
"Lawrence County_SD",475
"Lawrence County_TN",1160
"Le Flore County_OK",1283
"Le Sueur County_MN",495
"Lea County_NM",1524
"Leake County_MS",980
"Leavenworth County_KS",2324
"Lebanon County_PA",2164
"Lee County_AL",6156
"Lee County_AR",1081
"Lee County_FL",20824
"Lee County_GA",714
"Lee County_IA",696
"Lee County_IL",440
"Lee County_KY",18
"Lee County_MS",3046
"Lee County_NC",1736
"Lee County_SC",721
"Lee County_TX",230
"Lee County_VA",305
"Leelanau County_MI",115
"Leflore County_MS",1465
"Lehigh County_PA",5781
"Lemhi County_ID",115
"Lenawee County_MI",874
"Lenoir County_NC",1065
"Leon County_FL",10878
"Leon County_TX",257
"Leslie County_KY",95
"Letcher County_KY",200
"Levy County_FL",1055
"Lewis and Clark County_MT",376
"Lewis County_ID",39
"Lewis County_KY",233
"Lewis County_MO",129
"Lewis County_NY",53
"Lewis County_TN",240
"Lewis County_WA",598
"Lewis County_WV",41
"Lexington city_VA",123
"Lexington County_SC",7785
"Liberty County_FL",520
"Liberty County_GA",1145
"Liberty County_MT",20
"Liberty County_TX",2261
"Licking County_OH",2028
"Limestone County_AL",2298
"Limestone County_TX",591
"Lincoln County_AR",2093
"Lincoln County_CO",20
"Lincoln County_GA",215
"Lincoln County_ID",95
"Lincoln County_KS",15
"Lincoln County_KY",227
"Lincoln County_ME",50
"Lincoln County_MN",127
"Lincoln County_MO",883
"Lincoln County_MS",1156
"Lincoln County_MT",150
"Lincoln County_NC",1811
"Lincoln County_NE",477
"Lincoln County_NM",225
"Lincoln County_NV",7
"Lincoln County_OK",541
"Lincoln County_OR",485
"Lincoln County_SD",1567
"Lincoln County_TN",670
"Lincoln County_WA",60
"Lincoln County_WI",350
"Lincoln County_WV",188
"Lincoln County_WY",233
"Lincoln Parish_LA",1439
"Linn County_IA",4400
"Linn County_KS",88
"Linn County_MO",122
"Linn County_OR",575
"Lipscomb County_TX",36
"Litchfield County_CT",1921
"Little River County_AR",373
"Live Oak County_TX",374
"Livingston County_IL",437
"Livingston County_KY",94
"Livingston County_MI",1477
"Livingston County_MO",456
"Livingston County_NY",211
"Livingston Parish_LA",3855
"Llano County_TX",138
"Logan County_AR",446
"Logan County_CO",943
"Logan County_IL",483
"Logan County_KS",40
"Logan County_KY",584
"Logan County_ND",79
"Logan County_NE",7
"Logan County_OH",337
"Logan County_OK",569
"Logan County_WV",652
"Long County_GA",256
"Lonoke County_AR",1318
"Lorain County_OH",2402
"Los Alamos County_NM",35
"Los Angeles County_CA",274942
"Loudon County_TN",1307
"Loudoun County_VA",6987
"Louisa County_IA",443
"Louisa County_VA",312
"Loup County_NE",3
"Love County_OK",220
"Loving County_TX",0
"Lowndes County_AL",662
"Lowndes County_GA",3996
"Lowndes County_MS",1644
"Lubbock County_TX",12640
"Lucas County_IA",161
"Lucas County_OH",7562
"Luce County_MI",14
"Lumpkin County_GA",939
"Luna County_NM",449
"Lunenburg County_VA",123
"Luzerne County_PA",4209
"Lycoming County_PA",751
"Lyman County_SD",184
"Lynchburg city_VA",1552
"Lynn County_TX",110
"Lyon County_IA",431
"Lyon County_KS",1098
"Lyon County_KY",81
"Lyon County_MN",784
"Lyon County_NV",450
"Mackinac County_MI",75
"Macomb County_MI",15267
"Macon County_AL",492
"Macon County_GA",236
"Macon County_IL",1746
"Macon County_MO",168
"Macon County_NC",658
"Macon County_TN",1110
"Macoupin County_IL",595
"Madera County_CA",4706
"Madison County_AL",8276
"Madison County_AR",377
"Madison County_FL",1024
"Madison County_GA",718
"Madison County_IA",266
"Madison County_ID",1102
"Madison County_IL",6021
"Madison County_IN",1875
"Madison County_KY",1913
"Madison County_MO",316
"Madison County_MS",3405
"Madison County_MT",117
"Madison County_NC",118
"Madison County_NE",894
"Madison County_NY",503
"Madison County_OH",911
"Madison County_TN",3194
"Madison County_TX",728
"Madison County_VA",114
"Madison Parish_LA",889
"Magoffin County_KY",100
"Mahaska County_IA",456
"Mahnomen County_MN",59
"Mahoning County_OH",3249
"Major County_OK",100
"Malheur County_OR",1699
"Manassas City_VA",1950
"Manassas Park city_VA",616
"Manatee County_FL",11785
"Manistee County_MI",89
"Manitowoc County_WI",1573
"Marathon County_WI",2037
"Marengo County_AL",748
"Maricopa County_AZ",143411
"Maries County_MO",94
"Marin County_CA",6729
"Marinette County_WI",1172
"Marion County_AL",1002
"Marion County_AR",107
"Marion County_FL",9969
"Marion County_GA",193
"Marion County_IA",805
"Marion County_IL",652
"Marion County_IN",22512
"Marion County_KS",110
"Marion County_KY",247
"Marion County_MO",718
"Marion County_MS",887
"Marion County_OH",3185
"Marion County_OR",4976
"Marion County_SC",933
"Marion County_TN",582
"Marion County_TX",153
"Marion County_WV",303
"Mariposa County_CA",76
"Marlboro County_SC",971
"Marquette County_MI",445
"Marquette County_WI",357
"Marshall County_AL",4038
"Marshall County_IA",1826
"Marshall County_IL",117
"Marshall County_IN",1072
"Marshall County_KS",40
"Marshall County_KY",343
"Marshall County_MN",58
"Marshall County_MS",1128
"Marshall County_OK",196
"Marshall County_SD",48
"Marshall County_TN",839
"Marshall County_WV",186
"Martin County_FL",4994
"Martin County_IN",175
"Martin County_KY",84
"Martin County_MN",510
"Martin County_NC",512
"Martin County_TX",78
"Martinsville city_VA",402
"Mason County_IL",178
"Mason County_KY",131
"Mason County_MI",140
"Mason County_TX",79
"Mason County_WA",445
"Mason County_WV",148
"Massac County_IL",128
"Matagorda County_TX",1057
"Matanuska-Susitna Borough_AK",671
"Matthews County_VA",91
"Maui County_HI",395
"Maury County_TN",2570
"Maverick County_TX",3712
"Mayes County_OK",726
"McClain County_OK",962
"McCone County_MT",27
"McCook County_SD",127
"McCormick County_SC",246
"McCracken County_KY",800
"McCreary County_KY",206
"McCulloch County_TX",168
"McCurtain County_OK",1349
"McDonald County_MO",1113
"McDonough County_IL",509
"McDowell County_NC",1080
"McDowell County_WV",96
"McDuffie County_GA",618
"McHenry County_IL",4817
"McHenry County_ND",98
"McIntosh County_GA",296
"McIntosh County_ND",88
"McIntosh County_OK",362
"McKean County_PA",62
"McKenzie County_ND",281
"McKinley County_NM",4356
"McLean County_IL",3451
"McLean County_KY",90
"McLean County_ND",327
"McLennan County_TX",8411
"McLeod County_MN",512
"McMinn County_TN",1224
"McMullen County_TX",24
"McNairy County_TN",976
"McPherson County_KS",273
"McPherson County_NE",6
"McPherson County_SD",42
"Meade County_KS",143
"Meade County_KY",246
"Meade County_SD",632
"Meagher County_MT",35
"Mecklenburg County_NC",29593
"Mecklenburg County_VA",802
"Mecosta County_MI",248
"Medina County_OH",1560
"Medina County_TX",1227
"Meeker County_MN",239
"Meigs County_OH",187
"Meigs County_TN",240
"Mellette County_SD",38
"Menard County_IL",133
"Menard County_TX",29
"Mendocino County_CA",1005
"Menifee County_KY",62
"Menominee County_MI",471
"Menominee County_WI",123
"Merced County_CA",9081
"Mercer County_IL",154
"Mercer County_KY",271
"Mercer County_MO",31
"Mercer County_ND",201
"Mercer County_NJ",8732
"Mercer County_OH",1224
"Mercer County_PA",778
"Mercer County_WV",439
"Meriwether County_GA",560
"Merrick County_NE",90
"Merrimack County_NH",616
"Mesa County_CO",712
"Metcalfe County_KY",129
"Miami-Dade County_FL",172398
"Miami County_IN",455
"Miami County_KS",428
"Miami County_OH",1605
"Middlesex County_CT",1627
"Middlesex County_MA",30565
"Middlesex County_NJ",19943
"Middlesex County_VA",126
"Midland County_MI",660
"Midland County_TX",3943
"Mifflin County_PA",241
"Milam County_TX",511
"Millard County_UT",199
"Mille Lacs County_MN",194
"Miller County_AR",919
"Miller County_GA",278
"Miller County_MO",566
"Mills County_IA",221
"Mills County_TX",61
"Milwaukee County_WI",32264
"Miner County_SD",30
"Mineral County_CO",20
"Mineral County_MT",6
"Mineral County_NV",14
"Mineral County_WV",177
"Mingo County_WV",399
"Minidoka County_ID",774
"Minnehaha County_SD",7219
"Missaukee County_MI",68
"Mississippi County_AR",1777
"Mississippi County_MO",325
"Missoula County_MT",885
"Mitchell County_GA",825
"Mitchell County_IA",201
"Mitchell County_KS",48
"Mitchell County_NC",173
"Mitchell County_TX",98
"Mobile County_AL",13744
"Modoc County_CA",28
"Moffat County_CO",44
"Mohave County_AZ",4050
"Moniteau County_MO",358
"Monmouth County_NJ",12280
"Mono County_CA",169
"Monona County_IA",177
"Monongalia County_WV",2108
"Monroe County_AL",597
"Monroe County_AR",148
"Monroe County_FL",1880
"Monroe County_GA",710
"Monroe County_IA",166
"Monroe County_IL",731
"Monroe County_IN",2827
"Monroe County_KY",219
"Monroe County_MI",1595
"Monroe County_MO",92
"Monroe County_MS",1294
"Monroe County_NY",6220
"Monroe County_OH",112
"Monroe County_PA",1829
"Monroe County_TN",1136
"Monroe County_WI",679
"Monroe County_WV",151
"Montague County_TX",190
"Montcalm County_MI",372
"Monterey County_CA",10402
"Montezuma County_CO",147
"Montgomery County_AL",9029
"Montgomery County_AR",169
"Montgomery County_GA",324
"Montgomery County_IA",109
"Montgomery County_IL",411
"Montgomery County_IN",515
"Montgomery County_KS",486
"Montgomery County_KY",303
"Montgomery County_MD",23079
"Montgomery County_MO",89
"Montgomery County_MS",491
"Montgomery County_NC",1070
"Montgomery County_NY",238
"Montgomery County_OH",8417
"Montgomery County_PA",12517
"Montgomery County_TN",3292
"Montgomery County_TX",11032
"Montgomery County_VA",2155
"Montmorency County_MI",17
"Montour County_PA",216
"Montrose County_CO",388
"Moody County_SD",114
"Moore County_NC",1842
"Moore County_TN",201
"Moore County_TX",1185
"Mora County_NM",7
"Morehouse Parish_LA",824
"Morgan County_AL",3481
"Morgan County_CO",763
"Morgan County_GA",490
"Morgan County_IL",698
"Morgan County_IN",784
"Morgan County_KY",70
"Morgan County_MO",439
"Morgan County_OH",53
"Morgan County_TN",340
"Morgan County_UT",118
"Morgan County_WV",65
"Morrill County_NE",79
"Morris County_KS",44
"Morris County_NJ",7999
"Morris County_TX",191
"Morrison County_MN",338
"Morrow County_OH",270
"Morrow County_OR",522
"Morton County_KS",20
"Morton County_ND",1438
"Motley County_TX",10
"Moultrie County_IL",239
"Mountrail County_ND",291
"Mower County_MN",1377
"Muhlenberg County_KY",807
"Multnomah County_OR",7576
"Municipality of Anchorage_AK",4862
"Murray County_GA",853
"Murray County_MN",189
"Murray County_OK",169
"Muscatine County_IA",1168
"Muscogee County_GA",6111
"Muskegon County_MI",1597
"Muskingum County_OH",544
"Muskogee County_OK",1958
"Musselshell County_MT",37
"Nacogdoches County_TX",1648
"Nance County_NE",56
"Nantucket County_MA",128
"Napa County_CA",1758
"Nash County_NC",2608
"Nassau County_FL",2188
"Nassau County_NY",47302
"Natchitoches Parish_LA",1226
"Natrona County_WY",674
"Navajo County_AZ",5817
"Navarro County_TX",1317
"Nelson County_KY",534
"Nelson County_ND",96
"Nelson County_VA",110
"Nemaha County_KS",147
"Nemaha County_NE",139
"Neosho County_KS",175
"Neshoba County_MS",1647
"Ness County_KS",101
"Nevada County_AR",234
"Nevada County_CA",550
"New Castle County_DE",11087
"New Hanover County_NC",4481
"New Haven County_CT",14715
"New Kent County_VA",217
"New London County_CT",2349
"New Madrid County_MO",593
"New York City Unallocated/Probable_NY",119
"New York County_NY",33935
"Newaygo County_MI",420
"Newberry County_SC",1398
"Newport County_RI",530
"Newport News City_VA",2827
"Newton County_AR",257
"Newton County_GA",2645
"Newton County_IN",179
"Newton County_MO",1442
"Newton County_MS",800
"Newton County_TX",188
"Nez Perce County_ID",484
"Niagara County_NY",1834
"Nicholas County_KY",52
"Nicholas County_WV",125
"Nicollet County_MN",594
"Niobrara County_WY",5
"Noble County_IN",959
"Noble County_OH",54
"Noble County_OK",161
"Nobles County_MN",2013
"Nodaway County_MO",634
"Nolan County_TX",273
"Nome Census Area_AK",83
"Norfolk City_VA",4953
"Norfolk County_MA",12010
"Norman County_MN",68
"North Slope Borough_AK",147
"Northampton County_NC",486
"Northampton County_PA",4606
"Northampton County_VA",309
"Northumberland County_PA",1144
"Northumberland County_VA",182
"Northwest Arctic Borough_AK",133
"Norton city_VA",39
"Norton County_KS",46
"Nottoway County_VA",276
"Nowata County_OK",152
"Noxubee County_MS",572
"Nuckolls County_NE",18
"Nueces County_TX",16014
"Nye County_NV",522
"O'Brien County_IA",464
"Oakland County_MI",21241
"Obion County_TN",1362
"Ocean County_NJ",14363
"Oceana County_MI",536
"Ochiltree County_TX",144
"Oconee County_GA",772
"Oconee County_SC",1965
"Oconto County_WI",1271
"Ogemaw County_MI",72
"Oglala Lakota County_SD",340
"Ogle County_IL",810
"Oglethorpe County_GA",348
"Ohio County_IN",82
"Ohio County_KY",482
"Ohio County_WV",381
"Okaloosa County_FL",5181
"Okanogan County_WA",1058
"Okeechobee County_FL",1597
"Okfuskee County_OK",179
"Oklahoma County_OK",19140
"Okmulgee County_OK",893
"Oktibbeha County_MS",1854
"Oldham County_KY",1203
"Oldham County_TX",19
"Oliver County_ND",25
"Olmsted County_MN",2683
"Oneida County_ID",28
"Oneida County_NY",2480
"Oneida County_WI",623
"Onondaga County_NY",4556
"Onslow County_NC",2378
"Ontario County_NY",491
"Ontonagon County_MI",46
"Orange County_CA",54760
"Orange County_FL",41055
"Orange County_IN",300
"Orange County_NC",2760
"Orange County_NY",12438
"Orange County_TX",2005
"Orange County_VA",347
"Orange County_VT",25
"Orangeburg County_SC",3155
"Oregon County_MO",152
"Orleans County_NY",337
"Orleans County_VT",21
"Orleans Parish_LA",12780
"Osage County_KS",117
"Osage County_MO",207
"Osage County_OK",1140
"Osborne County_KS",12
"Osceola County_FL",12798
"Osceola County_IA",187
"Osceola County_MI",103
"Oscoda County_MI",32
"Oswego County_NY",523
"Otero County_CO",107
"Otero County_NM",280
"Otoe County_NE",192
"Otsego County_MI",189
"Otsego County_NY",347
"Ottawa County_KS",61
"Ottawa County_MI",3690
"Ottawa County_OH",488
"Ottawa County_OK",930
"Otter Tail County_MN",534
"Ouachita County_AR",278
"Ouachita Parish_LA",6437
"Ouray County_CO",28
"Outagamie County_WI",5904
"Overton County_TN",856
"Owen County_IN",178
"Owen County_KY",102
"Owsley County_KY",48
"Owyhee County_ID",338
"Oxford County_ME",153
"Ozark County_MO",138
"Ozaukee County_WI",1587
"Pacific County_WA",88
"Page County_IA",246
"Page County_VA",412
"Palm Beach County_FL",47153
"Palo Alto County_IA",239
"Palo Pinto County_TX",594
"Pamlico County_NC",273
"Panola County_MS",1548
"Panola County_TX",398
"Park County_CO",59
"Park County_MT",113
"Park County_WY",268
"Parke County_IN",137
"Parker County_TX",2040
"Parmer County_TX",443
"Pasco County_FL",9499
"Pasquotank County_NC",746
"Passaic County_NJ",19269
"Patrick County_VA",283
"Paulding County_GA",2864
"Paulding County_OH",132
"Pawnee County_KS",397
"Pawnee County_NE",21
"Pawnee County_OK",264
"Payette County_ID",947
"Payne County_OK",2436
"Peach County_GA",684
"Pearl River County_MS",952
"Pecos County_TX",392
"Pembina County_ND",113
"Pemiscot County_MO",575
"Pend Oreille County_WA",85
"Pender County_NC",1047
"Pendleton County_KY",100
"Pendleton County_WV",53
"Pennington County_MN",136
"Pennington County_SD",2623
"Penobscot County_ME",263
"Peoria County_IL",3721
"Pepin County_WI",72
"Perkins County_NE",34
"Perkins County_SD",44
"Perquimans County_NC",196
"Perry County_AL",544
"Perry County_AR",98
"Perry County_IL",362
"Perry County_IN",251
"Perry County_KY",350
"Perry County_MO",662
"Perry County_MS",441
"Perry County_OH",315
"Perry County_PA",246
"Perry County_TN",157
"Pershing County_NV",22
"Person County_NC",466
"Petersburg Census Area_AK",8
"Petersburg city_VA",779
"Petroleum County_MT",1
"Pettis County_MO",1215
"Phelps County_MO",512
"Phelps County_NE",141
"Philadelphia County_PA",32952
"Phillips County_AR",550
"Phillips County_CO",33
"Phillips County_KS",133
"Phillips County_MT",124
"Piatt County_IL",158
"Pickaway County_OH",2726
"Pickens County_AL",684
"Pickens County_GA",634
"Pickens County_SC",3361
"Pickett County_TN",148
"Pierce County_GA",622
"Pierce County_ND",36
"Pierce County_NE",115
"Pierce County_WA",8335
"Pierce County_WI",726
"Pike County_AL",1242
"Pike County_AR",237
"Pike County_GA",350
"Pike County_IL",153
"Pike County_IN",244
"Pike County_KY",506
"Pike County_MO",255
"Pike County_MS",1261
"Pike County_OH",222
"Pike County_PA",595
"Pima County_AZ",25980
"Pinal County_AZ",10746
"Pine County_MN",384
"Pinellas County_FL",22548
"Pipestone County_MN",275
"Piscataquis County_ME",9
"Pitkin County_CO",227
"Pitt County_NC",5133
"Pittsburg County_OK",1003
"Pittsylvania County_VA",1080
"Piute County_UT",16
"Placer County_CA",3684
"Plaquemines Parish_LA",739
"Platte County_MO",744
"Platte County_NE",1191
"Platte County_WY",47
"Pleasants County_WV",18
"Plumas County_CA",52
"Plymouth County_IA",1273
"Plymouth County_MA",10460
"Pocahontas County_IA",178
"Pocahontas County_WV",60
"Poinsett County_AR",718
"Pointe Coupee Parish_LA",1072
"Polk County_AR",281
"Polk County_FL",20500
"Polk County_GA",1517
"Polk County_IA",16494
"Polk County_MN",357
"Polk County_MO",738
"Polk County_NC",335
"Polk County_NE",88
"Polk County_OR",556
"Polk County_TN",427
"Polk County_TX",873
"Polk County_WI",300
"Pondera County_MT",71
"Pontotoc County_MS",1330
"Pontotoc County_OK",485
"Pope County_AR",2254
"Pope County_IL",30
"Pope County_MN",110
"Poquoson city_VA",76
"Portage County_OH",1280
"Portage County_WI",1743
"Porter County_IN",2389
"Portsmouth City_VA",2627
"Posey County_IN",438
"Pottawatomie County_KS",296
"Pottawatomie County_OK",1555
"Pottawattamie County_IA",2350
"Potter County_PA",30
"Potter County_SD",54
"Potter County_TX",6127
"Powder River County_MT",25
"Powell County_KY",112
"Powell County_MT",15
"Power County_ID",283
"Poweshiek County_IA",354
"Powhatan County_VA",238
"Prairie County_AR",164
"Prairie County_MT",16
"Pratt County_KS",79
"Preble County_OH",476
"Prentiss County_MS",898
"Presidio County_TX",97
"Presque Isle County_MI",27
"Preston County_WV",161
"Price County_WI",171
"Prince Edward County_VA",618
"Prince George's County_MD",30088
"Prince George County_VA",865
"Prince of Wales-Hyder Census Area_AK",31
"Prince William County_VA",12783
"Providence County_RI",18927
"Prowers County_CO",95
"Pueblo County_CO",1213
"Pulaski County_AR",9859
"Pulaski County_GA",318
"Pulaski County_IL",195
"Pulaski County_IN",118
"Pulaski County_KY",830
"Pulaski County_MO",728
"Pulaski County_VA",243
"Pushmataha County_OK",201
"Putnam County_FL",2165
"Putnam County_GA",720
"Putnam County_IL",69
"Putnam County_IN",620
"Putnam County_MO",32
"Putnam County_NY",1652
"Putnam County_OH",677
"Putnam County_TN",3556
"Putnam County_WV",630
"Quay County_NM",77
"Queen Anne's County_MD",682
"Queens County_NY",73245
"Quitman County_GA",34
"Quitman County_MS",399
"Rabun County_GA",378
"Racine County_WI",5758
"Radford city_VA",754
"Rains County_TX",75
"Raleigh County_WV",563
"Ralls County_MO",156
"Ramsey County_MN",11646
"Ramsey County_ND",284
"Randall County_TX",3193
"Randolph County_AL",706
"Randolph County_AR",477
"Randolph County_GA",331
"Randolph County_IL",983
"Randolph County_IN",285
"Randolph County_MO",341
"Randolph County_NC",3011
"Randolph County_WV",270
"Rankin County_MS",3458
"Ransom County_ND",86
"Rapides Parish_LA",4339
"Rappahannock County_VA",65
"Ravalli County_MT",175
"Rawlins County_KS",65
"Ray County_MO",187
"Reagan County_TX",89
"Real County_TX",120
"Red Lake County_MN",45
"Red River County_TX",167
"Red River Parish_LA",367
"Red Willow County_NE",64
"Redwood County_MN",204
"Reeves County_TX",212
"Refugio County_TX",310
"Reno County_KS",1245
"Rensselaer County_NY",945
"Renville County_MN",176
"Renville County_ND",74
"Republic County_KS",49
"Reynolds County_MO",41
"Rhea County_TN",913
"Rice County_KS",88
"Rice County_MN",1398
"Rich County_UT",20
"Richardson County_NE",61
"Richland County_IL",262
"Richland County_MT",140
"Richland County_ND",262
"Richland County_OH",1070
"Richland County_SC",15764
"Richland County_WI",242
"Richland Parish_LA",802
"Richmond City_VA",4775
"Richmond County_GA",7292
"Richmond County_NC",1086
"Richmond County_NY",16157
"Richmond County_VA",357
"Riley County_KS",1857
"Ringgold County_IA",56
"Rio Arriba County_NM",404
"Rio Blanco County_CO",25
"Rio Grande County_CO",99
"Ripley County_IN",331
"Ripley County_MO",144
"Ritchie County_WV",13
"Riverside County_CA",60738
"Roane County_TN",969
"Roane County_WV",56
"Roanoke city_VA",1914
"Roanoke County_VA",959
"Roberts County_SD",236
"Roberts County_TX",12
"Robertson County_KY",12
"Robertson County_TN",2298
"Robertson County_TX",328
"Robeson County_NC",4856
"Rock County_MN",192
"Rock County_NE",47
"Rock County_WI",3056
"Rock Island County_IL",3208
"Rockbridge County_VA",126
"Rockcastle County_KY",192
"Rockdale County_GA",1897
"Rockingham County_NC",1429
"Rockingham County_NH",2125
"Rockingham County_VA",1548
"Rockland County_NY",16071
"Rockwall County_TX",1680
"Roger Mills County_OK",71
"Rogers County_OK",1993
"Rolette County_ND",226
"Rooks County_KS",118
"Roosevelt County_MT",447
"Roosevelt County_NM",306
"Roscommon County_MI",105
"Roseau County_MN",144
"Rosebud County_MT",680
"Ross County_OH",986
"Routt County_CO",163
"Rowan County_KY",266
"Rowan County_NC",3602
"Runnels County_TX",279
"Rush County_IN",206
"Rush County_KS",75
"Rusk County_TX",964
"Rusk County_WI",82
"Russell County_AL",1822
"Russell County_KS",117
"Russell County_KY",270
"Russell County_VA",291
"Rutherford County_NC",1353
"Rutherford County_TN",9807
"Rutland County_VT",131
"Sabine County_TX",82
"Sabine Parish_LA",895
"Sac County_IA",290
"Sacramento County_CA",23245
"Sagadahoc County_ME",71
"Saginaw County_MI",3094
"Saguache County_CO",112
"Salem city_VA",292
"Salem County_NJ",1090
"Saline County_AR",2275
"Saline County_IL",399
"Saline County_KS",846
"Saline County_MO",801
"Saline County_NE",773
"Salt Lake County_UT",34071
"Saluda County_SC",691
"Sampson County_NC",2331
"San Augustine County_TX",207
"San Benito County_CA",1367
"San Bernardino County_CA",56400
"San Diego County_CA",48660
"San Francisco County_CA",11480
"San Jacinto County_TX",228
"San Joaquin County_CA",20569
"San Juan County_CO",6
"San Juan County_NM",3392
"San Juan County_UT",707
"San Juan County_WA",29
"San Luis Obispo County_CA",3742
"San Mateo County_CA",10275
"San Miguel County_CO",95
"San Miguel County_NM",104
"San Patricio County_TX",1501
"San Saba County_TX",69
"Sanborn County_SD",40
"Sanders County_MT",56
"Sandoval County_NM",1419
"Sandusky County_OH",611
"Sangamon County_IL",2650
"Sanilac County_MI",153
"Sanpete County_UT",243
"Santa Barbara County_CA",9319
"Santa Clara County_CA",21926
"Santa Cruz County_AZ",2889
"Santa Cruz County_CA",2519
"Santa Fe County_NM",1083
"Santa Rosa County_FL",5437
"Sarasota County_FL",8376
"Saratoga County_NY",1100
"Sargent County_ND",85
"Sarpy County_NE",4000
"Sauk County_WI",1091
"Saunders County_NE",530
"Sawyer County_WI",252
"Schenectady County_NY",1429
"Schleicher County_TX",53
"Schley County_GA",106
"Schoharie County_NY",87
"Schoolcraft County_MI",37
"Schuyler County_IL",59
"Schuyler County_MO",28
"Schuyler County_NY",57
"Schuylkill County_PA",1277
"Scioto County_OH",577
"Scotland County_MO",41
"Scotland County_NC",1316
"Scott County_AR",115
"Scott County_IA",3310
"Scott County_IL",81
"Scott County_IN",439
"Scott County_KS",119
"Scott County_KY",834
"Scott County_MN",2770
"Scott County_MO",971
"Scott County_MS",1185
"Scott County_TN",245
"Scott County_VA",203
"Scotts Bluff County_NE",442
"Screven County_GA",424
"Scurry County_TX",774
"Searcy County_AR",154
"Sebastian County_AR",3974
"Sedgwick County_CO",15
"Sedgwick County_KS",9509
"Seminole County_FL",9250
"Seminole County_GA",373
"Seminole County_OK",525
"Seneca County_NY",111
"Seneca County_OH",510
"Sequatchie County_TN",260
"Sequoyah County_OK",973
"Sevier County_AR",1214
"Sevier County_TN",2767
"Sevier County_UT",139
"Seward County_KS",1755
"Seward County_NE",251
"Shackelford County_TX",28
"Shannon County_MO",145
"Sharkey County_MS",268
"Sharp County_AR",256
"Shasta County_CA",1158
"Shawano County_WI",1313
"Shawnee County_KS",2925
"Sheboygan County_WI",2257
"Shelby County_AL",6407
"Shelby County_IA",286
"Shelby County_IL",439
"Shelby County_IN",1192
"Shelby County_KY",1115
"Shelby County_MO",72
"Shelby County_OH",723
"Shelby County_TN",31840
"Shelby County_TX",485
"Shenandoah County_VA",827
"Sherburne County_MN",1266
"Sheridan County_KS",40
"Sheridan County_MT",21
"Sheridan County_ND",15
"Sheridan County_NE",60
"Sheridan County_WY",335
"Sherman County_KS",48
"Sherman County_NE",27
"Sherman County_OR",18
"Sherman County_TX",66
"Shiawassee County_MI",553
"Shoshone County_ID",217
"Sibley County_MN",214
"Sierra County_CA",6
"Sierra County_NM",50
"Silver Bow County_MT",297
"Simpson County_KY",291
"Simpson County_MS",1087
"Sioux County_IA",1889
"Sioux County_ND",171
"Sioux County_NE",7
"Siskiyou County_CA",171
"Sitka City and Borough_AK",54
"Skagit County_WA",1134
"Skagway Municipality_AK",0
"Skamania County_WA",65
"Slope County_ND",11
"Smith County_KS",12
"Smith County_MS",556
"Smith County_TN",808
"Smith County_TX",3899
"Smyth County_VA",541
"Snohomish County_WA",7177
"Snyder County_PA",396
"Socorro County_NM",117
"Solano County_CA",6601
"Somerset County_MD",311
"Somerset County_ME",88
"Somerset County_NJ",5911
"Somerset County_PA",238
"Somervell County_TX",148
"Sonoma County_CA",7861
"Southampton County_VA",789
"Southeast Fairbanks Census Area_AK",34
"Spalding County_GA",1365
"Spartanburg County_SC",7261
"Spencer County_IN",306
"Spencer County_KY",225
"Spink County_SD",153
"Spokane County_WA",7409
"Spotsylvania County_VA",2191
"St. Bernard Parish_LA",1453
"St. Charles County_MO",8114
"St. Charles Parish_LA",1846
"St. Clair County_AL",2474
"St. Clair County_IL",6933
"St. Clair County_MI",1076
"St. Clair County_MO",79
"St. Croix County_WI",1134
"St. Francis County_AR",1564
"St. Francois County_MO",2240
"St. Helena Parish_LA",413
"St. James Parish_LA",811
"St. John the Baptist Parish_LA",1600
"St. Johns County_FL",5526
"St. Joseph County_IN",7252
"St. Joseph County_MI",847
"St. Landry Parish_LA",3390
"St. Lawrence County_NY",336
"St. Louis County_MN",1956
"St. Louis County_MO",23850
"St. Lucie County_FL",8228
"St. Martin Parish_LA",2116
"St. Mary's County_MD",1348
"St. Mary Parish_LA",1958
"St. Tammany Parish_LA",7157
"Stafford County_KS",63
"Stafford County_VA",2072
"Stanislaus County_CA",16759
"Stanley County_SD",47
"Stanly County_NC",2117
"Stanton County_KS",71
"Stanton County_NE",46
"Stark County_IL",56
"Stark County_ND",1836
"Stark County_OH",3116
"Starke County_IN",291
"Starr County_TX",3452
"Statewide Unallocated_AK",69
"Statewide Unallocated_AL",1074
"Statewide Unallocated_AR",2049
"Statewide Unallocated_AZ",8
"Statewide Unallocated_CA",16
"Statewide Unallocated_CO",276
"Statewide Unallocated_CT",550
"Statewide Unallocated_DE",493
"Statewide Unallocated_FL",1792
"Statewide Unallocated_GA",19781
"Statewide Unallocated_HI",34
"Statewide Unallocated_IA",124
"Statewide Unallocated_ID",9
"Statewide Unallocated_IL",378
"Statewide Unallocated_IN",657
"Statewide Unallocated_KS",44
"Statewide Unallocated_KY",90
"Statewide Unallocated_LA",458
"Statewide Unallocated_MA",3347
"Statewide Unallocated_MD",5
"Statewide Unallocated_ME",26
"Statewide Unallocated_MI",6041
"Statewide Unallocated_MN",220
"Statewide Unallocated_MO",606
"Statewide Unallocated_MS",111
"Statewide Unallocated_MT",5
"Statewide Unallocated_NC",1166
"Statewide Unallocated_ND",0
"Statewide Unallocated_NE",13
"Statewide Unallocated_NH",85
"Statewide Unallocated_NJ",4866
"Statewide Unallocated_NM",1518
"Statewide Unallocated_NV",275
"Statewide Unallocated_NY",71
"Statewide Unallocated_OH",7
"Statewide Unallocated_OK",103
"Statewide Unallocated_OR",0
"Statewide Unallocated_PA",1
"Statewide Unallocated_RI",2755
"Statewide Unallocated_SC",6
"Statewide Unallocated_SD",1
"Statewide Unallocated_TN",6421
"Statewide Unallocated_TX",35
"Statewide Unallocated_UT",174
"Statewide Unallocated_VA",0
"Statewide Unallocated_VT",26
"Statewide Unallocated_WA",1216
"Statewide Unallocated_WI",1
"Statewide Unallocated_WV",0
"Statewide Unallocated_WY",0
"Staunton city_VA",285
"Ste. Genevieve County_MO",223
"Stearns County_MN",4362
"Steele County_MN",592
"Steele County_ND",30
"Stephens County_GA",1129
"Stephens County_OK",476
"Stephens County_TX",138
"Stephenson County_IL",588
"Sterling County_TX",5
"Steuben County_IN",434
"Steuben County_NY",540
"Stevens County_KS",158
"Stevens County_MN",125
"Stevens County_WA",200
"Stewart County_GA",523
"Stewart County_TN",250
"Stillwater County_MT",90
"Stoddard County_MO",583
"Stokes County_NC",490
"Stone County_AR",373
"Stone County_MO",517
"Stone County_MS",395
"Stonewall County_TX",16
"Storey County_NV",11
"Story County_IA",3559
"Strafford County_NH",587
"Stutsman County_ND",548
"Sublette County_WY",123
"Suffolk City_VA",2129
"Suffolk County_MA",26138
"Suffolk County_NY",46891
"Sullivan County_IN",356
"Sullivan County_MO",227
"Sullivan County_NH",59
"Sullivan County_NY",1616
"Sullivan County_PA",15
"Sullivan County_TN",2395
"Sully County_SD",17
"Summers County_WV",59
"Summit County_CO",489
"Summit County_OH",5613
"Summit County_UT",1084
"Sumner County_KS",219
"Sumner County_TN",5088
"Sumter County_AL",438
"Sumter County_FL",2458
"Sumter County_GA",941
"Sumter County_SC",3270
"Sunflower County_MS",1515
"Surry County_NC",1411
"Surry County_VA",128
"Susquehanna County_PA",308
"Sussex County_DE",7024
"Sussex County_NJ",1539
"Sussex County_VA",590
"Sutter County_CA",1763
"Sutton County_TX",84
"Suwannee County_FL",2776
"Swain County_NC",163
"Sweet Grass County_MT",52
"Sweetwater County_WY",363
"Swift County_MN",155
"Swisher County_TX",107
"Switzerland County_IN",73
"Talbot County_GA",166
"Talbot County_MD",579
"Taliaferro County_GA",23
"Talladega County_AL",2257
"Tallahatchie County_MS",790
"Tallapoosa County_AL",1197
"Tama County_IA",792
"Taney County_MO",1405
"Tangipahoa Parish_LA",4570
"Taos County_NM",148
"Tarrant County_TX",48275
"Tate County_MS",1041
"Tattnall County_GA",851
"Taylor County_FL",1352
"Taylor County_GA",216
"Taylor County_IA",164
"Taylor County_KY",328
"Taylor County_TX",1537
"Taylor County_WI",246
"Taylor County_WV",145
"Tazewell County_IL",1924
"Tazewell County_VA",342
"Tehama County_CA",618
"Telfair County_GA",396
"Teller County_CO",178
"Tensas Parish_LA",162
"Terrebonne Parish_LA",3682
"Terrell County_GA",331
"Terrell County_TX",3
"Terry County_TX",286
"Teton County_ID",204
"Teton County_MT",42
"Teton County_WY",625
"Texas County_MO",383
"Texas County_OK",1602
"Thayer County_NE",35
"Thomas County_GA",1514
"Thomas County_KS",177
"Thomas County_NE",5
"Throckmorton County_TX",8
"Thurston County_NE",284
"Thurston County_WA",1191
"Tift County_GA",1828
"Tillamook County_OR",54
"Tillman County_OK",109
"Tioga County_NY",278
"Tioga County_PA",95
"Tippah County_MS",736
"Tippecanoe County_IN",2846
"Tipton County_IN",247
"Tipton County_TN",1921
"Tishomingo County_MS",725
"Titus County_TX",1487
"Todd County_KY",199
"Todd County_MN",538
"Todd County_SD",161
"Tolland County_CT",1473
"Tom Green County_TX",2332
"Tompkins County_NY",451
"Tooele County_UT",949
"Toole County_MT",142
"Toombs County_GA",1364
"Torrance County_NM",80
"Towner County_ND",24
"Towns County_GA",356
"Traill County_ND",143
"Transylvania County_NC",341
"Traverse County_MN",40
"Travis County_TX",29799
"Treasure County_MT",4
"Trego County_KS",43
"Trempealeau County_WI",742
"Treutlen County_GA",263
"Trigg County_KY",188
"Trimble County_KY",72
"Trinity County_CA",26
"Trinity County_TX",198
"Tripp County_SD",188
"Troup County_GA",2855
"Trousdale County_TN",1692
"Trumbull County_OH",2008
"Tucker County_WV",43
"Tulare County_CA",16490
"Tulsa County_OK",17949
"Tunica County_MS",507
"Tuolumne County_CA",233
"Turner County_GA",317
"Turner County_SD",187
"Tuscaloosa County_AL",9219
"Tuscarawas County_OH",985
"Tuscola County_MI",530
"Twiggs County_GA",199
"Twin Falls County_ID",2513
"Tyler County_TX",229
"Tyler County_WV",17
"Tyrrell County_NC",116
"Uinta County_WY",365
"Uintah County_UT",119
"Ulster County_NY",2324
"Umatilla County_OR",3102
"Unicoi County_TN",297
"Union County_AR",945
"Union County_FL",1000
"Union County_GA",806
"Union County_IA",152
"Union County_IL",554
"Union County_IN",107
"Union County_KY",383
"Union County_MS",1049
"Union County_NC",5105
"Union County_NJ",17903
"Union County_NM",31
"Union County_OH",603
"Union County_OR",446
"Union County_PA",568
"Union County_SC",623
"Union County_SD",458
"Union County_TN",417
"Union Parish_LA",1008
"Upshur County_TX",402
"Upshur County_WV",117
"Upson County_GA",807
"Upton County_TX",25
"Utah County_UT",21180
"Uvalde County_TX",803
"Val Verde County_TX",2232
"Valdez-Cordova Census Area_AK",80
"Valencia County_NM",606
"Valley County_ID",98
"Valley County_MT",114
"Valley County_NE",47
"Van Buren County_AR",178
"Van Buren County_IA",127
"Van Buren County_MI",805
"Van Buren County_TN",170
"Van Wert County_OH",143
"Van Zandt County_TX",599
"Vance County_NC",1089
"Vanderburgh County_IN",4301
"Venango County_PA",97
"Ventura County_CA",13045
"Vermilion County_IL",1011
"Vermilion Parish_LA",2057
"Vermillion County_IN",142
"Vernon County_MO",227
"Vernon County_WI",292
"Vernon Parish_LA",1081
"Victoria County_TX",4100
"Vigo County_IN",2022
"Vilas County_WI",307
"Vinton County_OH",57
"Virginia Beach City_VA",7102
"Volusia County_FL",11150
"Wabash County_IL",169
"Wabash County_IN",294
"Wabasha County_MN",232
"Wabaunsee County_KS",72
"Wade Hampton Census Area_AK",0
"Wadena County_MN",89
"Wagoner County_OK",1564
"Wahkiakum County_WA",7
"Wake County_NC",18345
"Wakulla County_FL",1160
"Waldo County_ME",78
"Walker County_AL",2436
"Walker County_GA",1620
"Walker County_TX",3769
"Walla Walla County_WA",937
"Wallace County_KS",19
"Waller County_TX",914
"Wallowa County_OR",33
"Walsh County_ND",232
"Walthall County_MS",606
"Walton County_FL",2009
"Walton County_GA",1870
"Walworth County_SD",146
"Walworth County_WI",2954
"Wapello County_IA",1386
"Ward County_ND",1248
"Ward County_TX",137
"Ware County_GA",1523
"Warren County_GA",158
"Warren County_IA",998
"Warren County_IL",357
"Warren County_IN",44
"Warren County_KY",4499
"Warren County_MO",498
"Warren County_MS",1431
"Warren County_NC",363
"Warren County_NJ",1461
"Warren County_NY",416
"Warren County_OH",3271
"Warren County_PA",45
"Warren County_TN",1135
"Warren County_VA",453
"Warrick County_IN",1549
"Wasatch County_UT",844
"Wasco County_OR",306
"Waseca County_MN",820
"Washakie County_WY",121
"Washburn County_WI",144
"Washington County_AL",582
"Washington County_AR",9949
"Washington County_CO",68
"Washington County_FL",1092
"Washington County_GA",692
"Washington County_IA",517
"Washington County_ID",387
"Washington County_IL",232
"Washington County_IN",288
"Washington County_KS",24
"Washington County_KY",149
"Washington County_MD",1862
"Washington County_ME",20
"Washington County_MN",4180
"Washington County_MO",494
"Washington County_MS",2319
"Washington County_NC",219
"Washington County_NE",309
"Washington County_NY",307
"Washington County_OH",268
"Washington County_OK",1041
"Washington County_OR",4810
"Washington County_PA",1449
"Washington County_RI",877
"Washington County_TN",2512
"Washington County_TX",646
"Washington County_UT",3576
"Washington County_VA",643
"Washington County_VT",78
"Washington County_WI",3013
"Washington Parish_LA",1659
"Washington_DC",15547
"Washita County_OK",101
"Washoe County_NV",9913
"Washtenaw County_MI",3928
"Watauga County_NC",1041
"Watonwan County_MN",540
"Waukesha County_WI",8975
"Waupaca County_WI",1484
"Waushara County_WI",478
"Wayne County_GA",1159
"Wayne County_IA",91
"Wayne County_IL",325
"Wayne County_IN",1211
"Wayne County_KY",186
"Wayne County_MI",36053
"Wayne County_MO",232
"Wayne County_MS",934
"Wayne County_NC",3582
"Wayne County_NE",206
"Wayne County_NY",335
"Wayne County_OH",981
"Wayne County_PA",256
"Wayne County_TN",1521
"Wayne County_UT",2
"Wayne County_WV",421
"Waynesboro city_VA",295
"Weakley County_TN",1288
"Webb County_TX",14145
"Weber County_UT",4552
"Webster County_GA",43
"Webster County_IA",1395
"Webster County_KY",213
"Webster County_MO",783
"Webster County_MS",348
"Webster County_NE",18
"Webster County_WV",8
"Webster Parish_LA",1333
"Weld County_CO",4962
"Wells County_IN",304
"Wells County_ND",42
"West Baton Rouge Parish_LA",922
"West Carroll Parish_LA",350
"West Feliciana Parish_LA",774
"Westchester County_NY",38515
"Westmoreland County_PA",2461
"Westmoreland County_VA",278
"Weston County_WY",44
"Wetzel County_WV",66
"Wexford County_MI",136
"Wharton County_TX",1391
"Whatcom County_WA",1403
"Wheatland County_MT",21
"Wheeler County_GA",348
"Wheeler County_NE",2
"Wheeler County_OR",0
"Wheeler County_TX",50
"White County_AR",975
"White County_GA",894
"White County_IL",189
"White County_IN",505
"White County_TN",930
"White Pine County_NV",71
"Whiteside County_IL",883
"Whitfield County_GA",4727
"Whitley County_IN",319
"Whitley County_KY",496
"Whitman County_WA",1400
"Wibaux County_MT",19
"Wichita County_KS",5
"Wichita County_TX",1930
"Wicomico County_MD",2100
"Wilbarger County_TX",212
"Wilcox County_AL",538
"Wilcox County_GA",249
"Wilkes County_GA",268
"Wilkes County_NC",1331
"Wilkin County_MN",81
"Wilkinson County_GA",347
"Wilkinson County_MS",310
"Will County_IL",14702
"Willacy County_TX",1211
"Williams County_ND",1224
"Williams County_OH",242
"Williamsburg City_VA",193
"Williamsburg County_SC",1343
"Williamson County_IL",1467
"Williamson County_TN",5674
"Williamson County_TX",8706
"Wilson County_KS",69
"Wilson County_NC",2374
"Wilson County_TN",3788
"Wilson County_TX",967
"Winchester city_VA",519
"Windham County_CT",1056
"Windham County_VT",127
"Windsor County_VT",92
"Winkler County_TX",120
"Winn Parish_LA",642
"Winnebago County_IA",346
"Winnebago County_IL",6886
"Winnebago County_WI",5366
"Winneshiek County_IA",357
"Winona County_MN",1001
"Winston County_AL",770
"Winston County_MS",763
"Wirt County_WV",12
"Wise County_TX",784
"Wise County_VA",450
"Wolfe County_KY",52
"Wood County_OH",2132
"Wood County_TX",544
"Wood County_WI",1010
"Wood County_WV",382
"Woodbury County_IA",5971
"Woodford County_IL",459
"Woodford County_KY",301
"Woodruff County_AR",63
"Woods County_OK",117
"Woodson County_KS",24
"Woodward County_OK",1120
"Worcester County_MA",15378
"Worcester County_MD",1091
"Worth County_GA",549
"Worth County_IA",117
"Worth County_MO",21
"Wrangell City and Borough_AK",13
"Wright County_IA",616
"Wright County_MN",1839
"Wright County_MO",436
"Wyandot County_OH",223
"Wyandotte County_KS",7353
"Wyoming County_NY",142
"Wyoming County_PA",80
"Wyoming County_WV",130
"Wythe County_VA",263
"Yadkin County_NC",783
"Yakima County_WA",11502
"Yakutat City and Borough_AK",0
"Yalobusha County_MS",453
"Yamhill County_OR",815
"Yancey County_NC",221
"Yankton County_SD",482
"Yates County_NY",66
"Yavapai County_AZ",2617
"Yazoo County_MS",1084
"Yell County_AR",1271
"Yellow Medicine County_MN",216
"Yellowstone County_MT",3645
"Yoakum County_TX",258
"Yolo County_CA",2893
"York County_ME",1243
"York County_NE",213
"York County_PA",5125
"York County_SC",5661
"York County_VA",564
"Young County_TX",346
"Yuba County_CA",1207
"Yukon-Koyukuk Census Area_AK",83
"Yuma County_AZ",12815
"Yuma County_CO",139
"Zapata County_TX",335
"Zavala County_TX",389
"Ziebach County_SD",67
